Workbook

Sheet Calculator
A1: ⛳ 클락 골프 비용 계산기
A2: 노란색 셀에서 골프장·인원·요일을 선택하면 1인당 비용이 자동 계산됩니다 (PHP)
A4: ⚙️ 공통 설정
A5: 인원수 | B5: 4 | C5: 명
A6: 환율 ₱→₩ | B6: 24.97 | C6: 원/페소
A8: 🏌️ 라운드별 설정 및 자동 계산
B9: 골프장 | C9: 요일 | D9: 그린피 | E9: 캐디 | F9: 카트(1인) | G9: 보험+컨슈 | H9: 1인 합계(₱)
A10: 라운드 1 | B10: Luisita | C10: 주말 | D10: =IF(C10="주중",INDEX(DATA!$C$2:$C$14,MATCH(B10,DATA!$A$2:$A$14,0)),INDEX(DATA!$D$2:$D$14,MATCH(B10,DATA!$A$2:$A$14,0))) -> 2000 | E10: =INDEX(DATA!$E$2:$E$14,MATCH(B10,DATA!$A$2:$A$14,0)) -> 600 | F10: =IF($B$5=2,INDEX(DATA!$G$2:$G$14,MATCH(B10,DATA!$A$2:$A$14,0)),IF($B$5=3,INDEX(DATA!$H$2:$H$14,MATCH(B10,DATA!$A$2:$A$14,0)),INDEX(DATA!$I$2:$I$14,MATCH(B10,DATA!$A$2:$A$14,0)))) -> 800 | G10: =INDEX(DATA!$J$2:$J$14,MATCH(B10,DATA!$A$2:$A$14,0))+INDEX(DATA!$K$2:$K$14,MATCH(B10,DATA!$A$2:$A$14,0)) -> 400 | H10: =SUM(D10:G10) -> 3800
A11: 라운드 2 | B11: Pradera_May | C11: 주말 | D11: =IF(C11="주중",INDEX(DATA!$C$2:$C$14,MATCH(B11,DATA!$A$2:$A$14,0)),INDEX(DATA!$D$2:$D$14,MATCH(B11,DATA!$A$2:$A$14,0))) -> 2700 | E11: =INDEX(DATA!$E$2:$E$14,MATCH(B11,DATA!$A$2:$A$14,0)) -> 600 | F11: =IF($B$5=2,INDEX(DATA!$G$2:$G$14,MATCH(B11,DATA!$A$2:$A$14,0)),IF($B$5=3,INDEX(DATA!$H$2:$H$14,MATCH(B11,DATA!$A$2:$A$14,0)),INDEX(DATA!$I$2:$I$14,MATCH(B11,DATA!$A$2:$A$14,0)))) -> 750 | G11: =INDEX(DATA!$J$2:$J$14,MATCH(B11,DATA!$A$2:$A$14,0))+INDEX(DATA!$K$2:$K$14,MATCH(B11,DATA!$A$2:$A$14,0)) -> 450 | H11: =SUM(D11:G11) -> 4500
A12: 라운드 3 | B12: Korea | C12: 주중 | D12: =IF(C12="주중",INDEX(DATA!$C$2:$C$14,MATCH(B12,DATA!$A$2:$A$14,0)),INDEX(DATA!$D$2:$D$14,MATCH(B12,DATA!$A$2:$A$14,0))) -> 1800 | E12: =INDEX(DATA!$E$2:$E$14,MATCH(B12,DATA!$A$2:$A$14,0)) -> 600 | F12: =IF($B$5=2,INDEX(DATA!$G$2:$G$14,MATCH(B12,DATA!$A$2:$A$14,0)),IF($B$5=3,INDEX(DATA!$H$2:$H$14,MATCH(B12,DATA!$A$2:$A$14,0)),INDEX(DATA!$I$2:$I$14,MATCH(B12,DATA!$A$2:$A$14,0)))) -> 1000 | G12: =INDEX(DATA!$J$2:$J$14,MATCH(B12,DATA!$A$2:$A$14,0))+INDEX(DATA!$K$2:$K$14,MATCH(B12,DATA!$A$2:$A$14,0)) -> 150 | H12: =SUM(D12:G12) -> 3550
A14: 📊 합계
D15: 페소(₱) | E15: 원(₩)
A16: 3라운드 합계 (1인) | D16: =H10+H11+H12 -> 11850 | E16: =D16*$B$6 -> 295894.5
A17: 1라운드 평균 (1인) | D17: =D16/3 -> 3950 | E17: =D17*$B$6 -> 98631.5
A18: 전체 합계 (인원수×3라운드) | D18: =D16*$B$5 -> 47400 | E18: =D18*$B$6 -> 1183578
A20: 📖 골프장 ID 참조표
A21: ID | B21: 골프장명 | C21: 그린피(주중) | D21: 그린피(주말)
A22: SunValley_General | B22: 썬밸리(일반) 4.1~ | C22: 3000 | D22: 3500
A23: SunValley_Member | B23: 썬밸리(멤버) 4.1~ | C23: 3300 | D23: 3800
A24: Korea | B24: 코리아 3.9~ | C24: 1800 | D24: 2400
A25: Mimosa | B25: 미모사 (~3.31) | C25: 4500 | D25: 5500
A26: Royal | B26: 로얄 3.16~ | C26: 1800 | D26: 2300
A27: HanReserve | B27: 한리저브 (1.10~4.30) | C27: 12500 | D27: 12500
A28: Pradera_May | B28: 프라데라 (5.1~) | C28: 2700 | D28: 2700
A29: Pradera_Apr | B29: 프라데라 (4월프로모) | C29: 1500 | D29: 1500
A30: Luisita | B30: 루이시타 (3.16~) | C30: 2000 | D30: 2000
A31: Beverly | B31: 베버리 (3.16~) | C31: 1400 | D31: 1700
A32: NewAsia | B32: 뉴아시아 (3.16~) | C32: 1200 | D32: 1200
A33: Lakewood | B33: 레이크우드 (3.16~) | C33: 1000 | D33: 1000
A34: Subic | B34: 수빅CC (~3.31) | C34: 6800 | D34: 10800
A36: 💡 사용법
A37: • 노란색 셀을 클릭하면 드롭다운에서 선택 가능
A38: • 골프장은 영문 ID로 선택 (위 참조표 확인)
A39: • 인원수(2/3/4)에 따라 카트 비용 자동 변경
A40: • 주중/주말 선택에 따라 그린피 자동 변경
A41: • 환율 수정 시 원화 합계도 자동 업데이트
A42: • DATA 시트에서 골프장 요금 직접 수정 가능

Sheet DATA
A1: ID | B1: 골프장 | C1: 그린피(주중) | D1: 그린피(주말) | E1: 캐디 | F1: 카트(2인) | G1: 2인1카트 | H1: 3인2카트 | I1: 4인2카트 | J1: 보험 | K1: 컨슈머블
A2: SunValley_General | B2: 썬밸리(일반) 4.1~ | C2: 3000 | D2: 3500 | E2: 700 | F2: 1500 | G2: 750 | H2: 1000 | I2: 750 | J2: 150 | K2: 0
A3: SunValley_Member | B3: 썬밸리(멤버) 4.1~ | C3: 3300 | D3: 3800 | E3: 700 | F3: 1500 | G3: 750 | H3: 1000 | I3: 750 | J3: 150 | K3: 0
A4: Korea | B4: 코리아 3.9~ | C4: 1800 | D4: 2400 | E4: 600 | F4: 2000 | G4: 1000 | H4: 1333 | I4: 1000 | J4: 150 | K4: 0
A5: Mimosa | B5: 미모사 (~3.31) | C5: 4500 | D5: 5500 | E5: 600 | F5: 1600 | G5: 800 | H5: 1067 | I5: 800 | J5: 0 | K5: 400
A6: Royal | B6: 로얄 3.16~ | C6: 1800 | D6: 2300 | E6: 600 | F6: 1600 | G6: 800 | H6: 1067 | I6: 800 | J6: 150 | K6: 300
A7: HanReserve | B7: 한리저브 (1.10~4.30) | C7: 12500 | D7: 12500 | E7: 0 | F7: 0 | G7: 0 | H7: 0 | I7: 0 | J7: 0 | K7: 0
A8: Pradera_May | B8: 프라데라 (5.1~) | C8: 2700 | D8: 2700 | E8: 600 | F8: 1500 | G8: 750 | H8: 1000 | I8: 750 | J8: 150 | K8: 300
A9: Pradera_Apr | B9: 프라데라 (4월프로모) | C9: 1500 | D9: 1500 | E9: 600 | F9: 1500 | G9: 750 | H9: 1000 | I9: 750 | J9: 150 | K9: 300
A10: Luisita | B10: 루이시타 (3.16~) | C10: 2000 | D10: 2000 | E10: 600 | F10: 1600 | G10: 800 | H10: 1067 | I10: 800 | J10: 100 | K10: 300
A11: Beverly | B11: 베버리 (3.16~) | C11: 1400 | D11: 1700 | E11: 600 | F11: 1500 | G11: 750 | H11: 1000 | I11: 750 | J11: 200 | K11: 300
A12: NewAsia | B12: 뉴아시아 (3.16~) | C12: 1200 | D12: 1200 | E12: 600 | F12: 1500 | G12: 750 | H12: 1000 | I12: 750 | J12: 150 | K12: 0
A13: Lakewood | B13: 레이크우드 (3.16~) | C13: 1000 | D13: 1000 | E13: 600 | F13: 1600 | G13: 800 | H13: 1067 | I13: 800 | J13: 0 | K13: 0
A14: Subic | B14: 수빅CC (~3.31) | C14: 6800 | D14: 10800 | E14: 0 | F14: 0 | G14: 0 | H14: 0 | I14: 0 | J14: 0 | K14: 0
